"start_timewindow_start","start_timewindow_end","end_timewindow_start","end_timewindow_end","from_location_label","from_location_latitude","from_location_longitude","to_location_label","to_location_latitude","to_location_longitude","passenger_count"
"2024-02-20 18:30:54.245","2024-02-20 18:45:54.245","2024-02-20 18:30:54.245","2024-02-20 19:00:54.245","Prettin drei Linden, Lichtenburger Straße 5, 06925 Annaburg, Deutschland","51.660406","12.934833","Axien Gemeindeverwaltung, Kähnitzscher Straße 40, 06925 Annaburg, Deutschland","51.701279","12.894258",1
"2024-02-20 05:00:30.488","2024-02-20 05:15:30.488","2024-02-20 05:00:30.488","2024-02-20 05:43:40.488","Lausigk (Scheuder), Lausigker Straße 6, 06386 Südliches Anhalt, Deutschland","51.757982","12.084256","Maxim-Gorki-Straße 38, 06366 Köthen (Anhalt), Deutschland","51.743613","11.987377",1
"2024-02-20 14:00:03.466","2024-02-20 14:15:03.466","2024-02-20 14:00:03.466","2024-02-20 14:45:51.466","Schlossplatz 2, 06886 Wittenberg, Deutschland","51.866613","12.637978","Dietrichsdorf, Dietrichsdorf 19A, 06895 Zahna-Elster, Deutschland","51.859082","12.775713",1
"2024-02-20 13:45:07.618","2024-02-20 14:00:07.618","2024-02-20 13:45:07.618","2024-02-20 14:26:23.618","Niemegker Straße 22, 06749 Bitterfeld-Wolfen, Deutschland","51.618712","12.336915","Muldensteiner Straße 29, 06800 Raguhn-Jeßnitz, Deutschland","51.680225","12.326379",1
"2024-02-20 11:48:21.145","2024-02-20 12:03:21.145","2024-02-20 11:48:21.145","2024-02-20 12:25:03.145","Pretzsch (Elbe) Sparkasse, Wittenberger Straße 46, 06905 Bad Schmiedeberg, Deutschland","51.717494","12.803131","Globig (Bus), Wartenburger Straße 53, 06901 Kemberg, Deutschland","51.789927","12.743971",1
"2024-02-20 07:00:07.618","2024-02-20 07:15:07.618","2024-02-20 07:00:07.618","2024-02-20 07:41:53.618","Muldensteiner Straße 29, 06800 Raguhn-Jeßnitz, Deutschland","51.680225","12.326379","Niemegker Straße 22, 06749 Bitterfeld-Wolfen, Deutschland","51.618712","12.336915",1
"2024-02-20 18:05:31.030","2024-02-20 18:20:31.030","2024-02-20 18:05:31.030","2024-02-20 18:49:41.030","Augustenstraße 17, 06366 Köthen (Anhalt), Deutschland","51.754438","11.981829","Weißandt-Gölzau Verwaltungsamt, Hauptstraße, 06369 Südliches Anhalt, Deutschland","51.671761","12.076727",1
"2024-02-20 15:15:49.910","2024-02-20 15:30:49.910","2024-02-20 15:15:49.910","2024-02-20 15:45:49.910","Gartenstraße 1, 06749 Bitterfeld-Wolfen, Deutschland","51.627247","12.321045","Friedensstraße 66, 06749 Bitterfeld-Wolfen, Deutschland","51.630446","12.341853",2
"2024-02-20 13:35:19.836","2024-02-20 13:50:19.836","2024-02-20 13:35:19.836","2024-02-20 14:46:17.836","Max-Planck-Straße 19, 06796 Sandersdorf-Brehna, Deutschland","51.546298","12.193827","Burgkemnitzer Straße 3, 06800 Raguhn-Jeßnitz, Deutschland","51.681099","12.327608",1
"2024-02-20 20:00:42.603","2024-02-20 20:15:42.603","2024-02-20 20:00:42.603","2024-02-20 20:36:04.603","Repau, Südliches Anhalt, Sachsen-Anhalt, Deutschland","51.714241","12.068643","Weißandt-Gölzau, Südliches Anhalt, Sachsen-Anhalt, Deutschland","51.671213","12.06455",1
"2024-02-20 17:45:15.755","2024-02-20 18:00:15.755","2024-02-20 17:45:15.755","2024-02-20 18:15:15.755","Kleinwülknitz Haltestelle, Köthener Straße 21, 06369 Köthen (Anhalt), Deutschland","51.732534","11.92563","Rüsternbreite, Anhaltische Straße 1, 06366 Köthen (Anhalt), Deutschland","51.745966","11.958661",1
"2024-02-20 12:30:34.957","2024-02-20 12:45:34.957","2024-02-20 12:30:34.957","2024-02-20 13:05:52.957","Im Bauerndorf 12, 06386 Osternienburger Land, Deutschland","51.783572","11.882187","Bärteichpromenade, Bärteichpromenade 12B, 06366 Köthen (Anhalt), Deutschland","51.749462","11.973954",1
"2024-02-20 20:15:27.020","2024-02-20 20:30:27.020","2024-02-20 20:15:27.020","2024-02-20 20:46:47.020","Brauereiweg, Amtsmühlenweg 4, 39261 Zerbst/Anhalt, Deutschland","51.956721","12.080572","Steckby, Zerbst/Anhalt, Sachsen-Anhalt, Deutschland","51.892533","12.026461",2
"2024-02-20 16:30:35.311","2024-02-20 16:45:35.311","2024-02-20 16:30:35.311","2024-02-20 17:12:53.311","Gemeindeverwaltung Tornau, Dübener Straße 10, 06772 Gräfenhainichen, Deutschland","51.635183","12.588929","Ärztehaus, Leipziger Straße 7B, 06901 Kemberg, Deutschland","51.768822","12.631501",1
"2024-02-20 07:15:18.419","2024-02-20 07:30:18.419","2024-02-20 07:15:18.419","2024-02-20 07:59:10.419","Kirchweg 7, 39264 Zerbst/Anhalt, Deutschland","51.98543","12.237087","Philipp-Müller-Straße, 39261 Zerbst/Anhalt, Deutschland","51.957153","12.087246",1
"2024-02-20 07:30:27.908","2024-02-20 07:45:27.908","2024-02-20 07:30:27.908","2024-02-20 08:26:13.908","Zabitz Ernst-Thälmann-Str., Zabitzer Chaussee 16, 06386 Osternienburger Land, Deutschland","51.785424","11.925117","Reppichau Chörauer Str., Chörauer Straße 1, 06386 Osternienburger Land, Deutschland","51.811204","12.082376",2
"2024-02-20 06:00:10.619","2024-02-20 06:15:10.619","2024-02-20 06:00:10.619","2024-02-20 06:31:36.619","Bahnhofstraße 73, 06901 Kemberg, Deutschland","51.80051","12.579719","EDEKA, Leipziger Straße 82, 06901 Kemberg, Deutschland","51.768824","12.631161",1
"2024-02-20 16:45:13.886","2024-02-20 17:00:13.886","2024-02-20 16:45:13.886","2024-02-20 17:21:01.886","Nordendstraße, 06886 Wittenberg, Deutschland","51.888325","12.68353","Arsenal Wittenberg, Arsenalplatz 1, 06886 Wittenberg, Deutschland","51.867754","12.643565",1
"2024-02-20 11:45:07.431","2024-02-20 12:00:07.431","2024-02-20 11:45:07.431","2024-02-20 12:25:05.431","Bahnhof Coswig, Bahnhofstraße, 06869 Coswig (Anhalt), Deutschland","51.88725","12.45781","Cobbelsdorfer Hauptstraße 6, 06869 Coswig (Anhalt), Deutschland","51.96012","12.534044",1
"2024-02-20 21:55:21.283","2024-02-20 22:10:21.283","2024-02-20 21:55:21.283","2024-02-20 22:51:19.283","Weißandt-Gölzau Verwaltungsamt, Hauptstraße, 06369 Südliches Anhalt, Deutschland","51.671761","12.076727","Osternienburg Apotheke, Lindenstraße 40, 06386 Osternienburger Land, Deutschland","51.799202","12.015392",1
"2024-02-20 12:13:00.000","2024-02-20 12:28:00.000","2024-02-20 12:13:00.000","2024-02-20 12:47:34.000","Bad Schmiedeberg, Torgauer Str.","51.691269","12.741999","Pretzsch (Elbe) Sparkasse, Wittenberger Straße 46, 06905 Bad Schmiedeberg, Deutschland","51.717494","12.803131",1
"2024-02-20 14:45:32.555","2024-02-20 15:00:32.555","2024-02-20 14:45:32.555","2024-02-20 15:54:34.555","Bahnhofstraße 38, Bad Schmiedeberg","51.718237","12.788178","Am Hauptbahnhof, 06886 Wittenberg, Deutschland","51.86709","12.659769",2
"2024-02-20 18:07:12.606","2024-02-20 18:22:12.606","2024-02-20 18:07:12.606","2024-02-20 19:02:48.606","Wartenburg am Sand, Am Sand 20, 06901 Kemberg, Deutschland","51.810144","12.77955","Hauptbahnhof Lutherstadt Wittenberg, Am Hauptbahnhof, 06886 Wittenberg, Deutschland","51.868203","12.661296",1
"2024-02-20 13:20:54.928","2024-02-20 13:35:54.928","2024-02-20 13:20:54.928","2024-02-20 14:07:46.928","E Neukauf Monika Fiegert, Schwarzer Weg 4, 06869 Coswig (Anhalt), Deutschland","51.891223","12.45634","Bräsen 25, 06868 Coswig (Anhalt), Deutschland","51.963804","12.377615",1
"2024-02-20 20:05:31.381","2024-02-20 20:20:31.381","2024-02-20 20:05:31.381","2024-02-20 20:54:13.381","Rosa-Luxemburg-Straße 27, 06917 Jessen (Elster), Deutschland","51.792364","12.961084","Holzdorf (Elster) Ost Fliegerhorst, 06917 Jessen (Elster), Deutschland","51.783286","13.167888",1
"2024-02-20 06:05:15.963","2024-02-20 06:20:15.963","2024-02-20 06:05:15.963","2024-02-20 06:36:31.963","Lindenstraße 28, 06780 Zörbig, Deutschland","51.630217","12.116799","Gnetscher Straße 8, 06369 Südliches Anhalt, Deutschland","51.675505","12.076893",2
"2024-02-20 22:00:28.537","2024-02-20 22:15:28.537","2024-02-20 22:00:28.537","2024-02-20 22:49:36.537","Köthener Badewelt, Ratswall 9, 06366 Köthen (Anhalt), Deutschland","51.759209","11.973949","Dessauer Straße 41, 06385 Aken (Elbe), Deutschland","51.854541","12.051726",1
"2024-02-20 17:00:21.145","2024-02-20 17:15:21.145","2024-02-20 17:00:21.145","2024-02-20 17:47:19.145","Bräsen 25, 06868 Coswig (Anhalt), Deutschland","51.963804","12.377615","Rosenstraße 16, 06869 Coswig (Anhalt), Deutschland","51.885697","12.44158",2
"2024-02-20 10:30:25.865","2024-02-20 10:45:25.865","2024-02-20 10:30:25.865","2024-02-20 11:00:25.865","Am Tierpark, Mauerstraße 18, 06886 Wittenberg, Deutschland","51.869105","12.643032","Heideweg 16, 06886 Wittenberg, Deutschland","51.880521","12.623154",1
"2024-02-20 04:30:18.382","2024-02-20 04:45:18.382","2024-02-20 04:30:18.382","2024-02-20 05:00:18.382","Brehna Feuerwache, An der B100, 06796 Sandersdorf-Brehna, Deutschland","51.555886","12.20419","Münchener Straße 15, 06796 Sandersdorf-Brehna, Deutschland","51.565223","12.183416",1
"2024-02-20 05:20:36.343","2024-02-20 05:35:36.343","2024-02-20 05:20:36.343","2024-02-20 06:12:22.343","Naderkau 9, 06901 Kemberg, Deutschland","51.786308","12.462916","Ärztehaus, Leipziger Straße 7B, 06901 Kemberg, Deutschland","51.768822","12.631501",2
"2024-02-20 15:35:35.980","2024-02-20 15:50:35.980","2024-02-20 15:35:35.980","2024-02-20 16:27:53.980","Neue Straße 10, 06917 Jessen (Elster), Deutschland","51.881081","12.906489","Fabrik 2, 06895 Zahna-Elster, Deutschland","51.853736","12.748308",1
"2024-02-20 17:00:58.788","2024-02-20 17:15:58.788","2024-02-20 17:00:58.788","2024-02-20 17:36:30.788","Am Hufeisen 8, 06888 Wittenberg, Deutschland","51.901422","12.706222","Ernst-Kamieth-Straße 15B, 06886 Wittenberg, Deutschland","51.871371","12.662709",1
"2024-02-20 17:00:58.778","2024-02-20 17:15:58.778","2024-02-20 17:00:58.778","2024-02-20 17:30:58.778","Gaststätte Plüschke, Dorfplatz 1, 06886 Wittenberg, Deutschland","51.895069","12.675764","Ernst-Kamieth-Straße 15B, 06886 Wittenberg, Deutschland","51.871371","12.662709",1
"2024-02-20 17:12:49.693","2024-02-20 17:27:49.693","2024-02-20 17:12:49.693","2024-02-20 18:10:51.693","Waldstraße, 06917 Jessen (Elster), Deutschland","51.777452","12.954604","Prettin drei Linden, Lichtenburger Straße 5, 06925 Annaburg, Deutschland","51.660406","12.934833",1
"2024-02-20 16:35:24.365","2024-02-20 16:50:24.365","2024-02-20 16:35:24.365","2024-02-20 17:15:28.365","Güterglücker Straße 6, 39264 Zerbst/Anhalt, Deutschland","51.966833","11.93843","Schleibank, Salzstraße 1, 39261 Zerbst/Anhalt, Deutschland","51.969113","12.086627",1
"2024-02-20 06:00:05.687","2024-02-20 06:15:05.687","2024-02-20 06:00:05.687","2024-02-20 07:06:35.687","Burgstraße 31, 06895 Zahna-Elster, Deutschland","51.908239","12.789356","Tip Top Oberflächenschutz Elbe, Heuweg 3, 06886 Wittenberg, Deutschland","51.873387","12.571728",1
"2024-02-20 14:20:29.882","2024-02-20 14:35:29.882","2024-02-20 14:20:29.882","2024-02-20 14:55:01.882","Radegaster Straße 65, 06780 Zörbig, Deutschland","51.63611","12.111457","Heidenberg 18, 06780 Zörbig, Deutschland","51.652475","12.028269",2
"2024-02-20 06:30:39.854","2024-02-20 06:45:39.854","2024-02-20 06:30:39.854","2024-02-20 07:02:09.854","Pretzsch (Elbe) Goetheallee, Wittenberger Straße, 06905 Bad Schmiedeberg, Deutschland","51.716308","12.804815","Rathaus Bad Schmiedeberg, Markt 11, 06905 Bad Schmiedeberg, Deutschland","51.687545","12.738298",2
"2024-02-20 15:30:03.466","2024-02-20 15:45:03.466","2024-02-20 15:30:03.466","2024-02-20 16:53:07.466","Bahnhof Gräfenhainichen, Eisenbahnstraße, 06773 Gräfenhainichen, Deutschland","51.72467","12.459301","Wartenburg Denkmal, Yorckring, 06901 Kemberg, Deutschland","51.811453","12.774631",1
"2024-02-20 09:30:03.466","2024-02-20 09:45:03.466","2024-02-20 09:30:03.466","2024-02-20 10:00:03.466","Thälmannplatz 9, 06780 Zörbig, Deutschland","51.614045","12.063396","Netto Filiale, Stumsdorfer Straße 5, 06780 Zörbig, Deutschland","51.626951","12.110483",1
"2024-02-20 15:15:41.333","2024-02-20 15:30:41.333","2024-02-20 15:15:41.333","2024-02-20 16:13:25.333","Am Klärwerk 6, 06766 Bitterfeld-Wolfen, Deutschland","51.660025","12.28269","Glück-Auf-Straße 11, 06369 Südliches Anhalt, Deutschland","51.657263","12.097747",1
"2024-02-20 22:10:53.459","2024-02-20 22:25:53.459","2024-02-20 22:10:53.459","2024-02-20 22:58:05.459","Köthener Chaussee 46, 06385 Aken (Elbe), Deutschland","51.84811","12.036597","Heinrich-Heine-Straße 20, 06366 Köthen (Anhalt), Deutschland","51.741477","11.968816",1
"2024-02-20 05:50:41.333","2024-02-20 06:05:41.333","2024-02-20 05:50:41.333","2024-02-20 06:48:33.333","Glück-Auf-Straße 11, 06369 Südliches Anhalt, Deutschland","51.657263","12.097747","Am Klärwerk 6, 06766 Bitterfeld-Wolfen, Deutschland","51.660025","12.28269",1
"2024-02-20 05:32:25.833","2024-02-20 05:47:25.833","2024-02-20 05:32:25.833","2024-02-20 06:36:17.833","Elbstraße 26, 06925 Annaburg, Deutschland","51.661522","12.91643","Rosa-Luxemburg-Straße 70, 06917 Jessen (Elster), Deutschland","51.794505","12.96909",1
"2024-02-20 12:50:16.079","2024-02-20 13:05:16.079","2024-02-20 12:50:16.079","2024-02-20 13:27:46.079","Ruhlsdorf 45, 06917 Jessen (Elster), Deutschland","51.817914","12.913275","Diest-Hof Seyda, Glücksburger Straße 7, 06917 Jessen (Elster), Deutschland","51.884064","12.924569",1
"2024-02-20 06:15:44.176","2024-02-20 06:30:44.176","2024-02-20 06:15:44.176","2024-02-20 07:01:56.176","Weißandt-Gölzau Verwaltungsamt, Hauptstraße, 06369 Südliches Anhalt, Deutschland","51.671761","12.076727","Rüsternbreite, Anhaltische Straße 1, 06366 Köthen (Anhalt), Deutschland","51.745966","11.958661",1
"2024-02-20 09:00:03.466","2024-02-20 09:15:03.466","2024-02-20 09:00:03.466","2024-02-20 09:40:15.466","Dorfstraße 2, 39264 Zerbst/Anhalt, Deutschland","51.986482","12.233895","Roter Garten, Breite, 39261 Zerbst/Anhalt, Deutschland","51.964046","12.085776",1
"2024-02-20 11:30:35.660","2024-02-20 11:45:35.660","2024-02-20 11:30:35.660","2024-02-20 12:13:47.660","Jeversche Str./Gymnasium, Jeversche Straße 24, 39261 Zerbst/Anhalt, Deutschland","51.960686","12.086897","Mühlsdorf (Luso), Dorfstraße 9, 39264 Zerbst/Anhalt, Deutschland","51.9496","12.187638",1
"2024-02-20 22:40:19.564","2024-02-20 22:55:19.564","2024-02-20 22:40:19.564","2024-02-20 23:10:19.564","Im Jutshowwe 19, 06386 Osternienburger Land, Deutschland","51.759919","11.936067","Ferdinand-Lassalle-Ring 28, 06366 Köthen (Anhalt), Deutschland","51.745743","11.954296",1
"2024-02-20 05:00:24.822","2024-02-20 05:15:24.822","2024-02-20 05:00:24.822","2024-02-20 05:48:04.822","Bahnhofstraße 1, 06749 Bitterfeld-Wolfen, Deutschland","51.622762","12.318426","Münchener Straße 5, 06796 Sandersdorf-Brehna, Deutschland","51.561648","12.184162",1
"2024-02-20 04:55:48.278","2024-02-20 05:10:48.278","2024-02-20 04:55:48.278","2024-02-20 05:51:24.278","Wartenburg am Sand, Am Sand 20, 06901 Kemberg, Deutschland","51.810144","12.77955","Hauptbahnhof Lutherstadt Wittenberg, Am Hauptbahnhof, 06886 Wittenberg, Deutschland","51.868203","12.661296",2
"2024-02-20 19:20:32.868","2024-02-20 19:35:32.868","2024-02-20 19:20:32.868","2024-02-20 20:14:46.868","Ruhlsdorf 21, 06917 Jessen (Elster), Deutschland","51.819215","12.906065","Schulstraße 26, 06917 Jessen (Elster), Deutschland","51.758801","12.830741",1
"2024-02-20 19:38:35.256","2024-02-20 19:53:35.256","2024-02-20 19:38:35.256","2024-02-20 20:16:31.256","Arsenal Wittenberg, Arsenalplatz 1, 06886 Wittenberg, Deutschland","51.867754","12.643565","Eutzsch Haltestelle/B2, Berliner Straße, 06901 Kemberg, Deutschland","51.818282","12.637256",1
"2024-02-20 18:00:15.210","2024-02-20 18:15:15.210","2024-02-20 18:00:15.210","2024-02-20 18:38:35.210","Görzig Domäne, Hallesche Straße 2A, 06369 Südliches Anhalt, Deutschland","51.664401","11.993217","Bahnhof Köthen, Bahnhofsplatz, 06366 Köthen (Anhalt), Deutschland","51.752284","11.988098",1
"2024-02-20 21:50:14.756","2024-02-20 22:05:14.756","2024-02-20 21:50:14.756","2024-02-20 22:48:52.756","HS-Schoch, Cobbelsdorfer Hauptstraße 10, 06869 Coswig (Anhalt), Deutschland","51.960729","12.533169","Nordstraße 14, 06886 Wittenberg, Deutschland","51.877085","12.593751",2
"2024-02-20 05:30:05.276","2024-02-20 05:45:05.276","2024-02-20 05:30:05.276","2024-02-20 06:00:23.276","Parkstraße 8, 06780 Zörbig, Deutschland","51.604817","12.113155","Große Ritterstraße 58, 06780 Zörbig, Deutschland","51.628873","12.120019",1
"2024-02-20 19:37:54.981","2024-02-20 19:52:54.981","2024-02-20 19:37:54.981","2024-02-20 20:26:00.981","Arsenal Wittenberg, Arsenalplatz 1, 06886 Wittenberg, Deutschland","51.867754","12.643565","Leipziger Str., Leipziger Straße 62, 06901 Kemberg, Deutschland","51.771908","12.63303",1
"2024-02-20 10:20:43.549","2024-02-20 10:35:43.549","2024-02-20 10:20:43.549","2024-02-20 11:03:43.549","Hauptbahnhof Lutherstadt Wittenberg, Am Hauptbahnhof, 06886 Wittenberg, Deutschland","51.868203","12.661296","Kirche Braunsdorf, Am Teich 6, 06889 Wittenberg, Deutschland","51.910954","12.593939",1
"2024-02-20 05:00:03.466","2024-02-20 05:15:03.466","2024-02-20 05:00:03.466","2024-02-20 05:34:35.466","Muldenstein Linde, Friedersdorfer Straße 6, 06774 Muldestausee, Deutschland","51.665114","12.338027","Bitterfeld Krankenhaus, Friedrich-Ludwig-Jahn-Straße 7, 06749 Bitterfeld-Wolfen, Deutschland","51.632753","12.331083",2
"2024-02-20 17:50:44.732","2024-02-20 18:05:44.732","2024-02-20 17:50:44.732","2024-02-20 18:34:04.732","Bahnhof Zerbst-Anhalt, Am Bahnhof 3, 39261 Zerbst/Anhalt, Deutschland","51.954265","12.089128","Kirchweg 7, 39264 Zerbst/Anhalt, Deutschland","51.98543","12.237087",2
"2024-02-20 05:20:07.555","2024-02-20 05:35:07.555","2024-02-20 05:20:07.555","2024-02-20 06:18:03.555","Prettin drei Linden, Lichtenburger Straße 5, 06925 Annaburg, Deutschland","51.660406","12.934833","Waldstraße, 06917 Jessen (Elster), Deutschland","51.777452","12.954604",2
"2024-02-20 16:10:57.832","2024-02-20 16:25:57.832","2024-02-20 16:10:57.832","2024-02-20 17:01:45.832","Bertolt-Brecht-Straße 9, 06766 Bitterfeld-Wolfen, Deutschland","51.668888","12.25244","Siedlungsstraße 24, 06792 Sandersdorf-Brehna, Deutschland","51.608248","12.239086",1
"2024-02-20 22:30:10.619","2024-02-20 22:45:10.619","2024-02-20 22:30:10.619","2024-02-20 23:04:04.619","Tankstelle Kemberg Ettlich, Schmiedeberger Straße 20A, 06901 Kemberg, Deutschland","51.76487","12.639522","Bahnhofstraße 73, 06901 Kemberg, Deutschland","51.80051","12.579719",2
"2024-02-20 17:20:04.152","2024-02-20 17:35:04.152","2024-02-20 17:20:04.152","2024-02-20 17:51:44.152","Fleischerstraße 17, 06886 Wittenberg, Deutschland","51.86682","12.649466","Ludwig-Jahn-Straße 46, 06888 Wittenberg, Deutschland","51.845148","12.626487",1
"2024-02-20 13:10:24.643","2024-02-20 13:25:24.643","2024-02-20 13:10:24.643","2024-02-20 14:12:50.643","Bahnhof Lutherstadt Wittenb. Altstadt, Kurfürstenring, 06886 Wittenberg, Deutschland","51.863981","12.641279","Wahlsdorfer Dorfstraße 27, 06869 Coswig (Anhalt), Deutschland","51.944834","12.516187",2
"2024-02-20 06:30:39.503","2024-02-20 06:45:39.503","2024-02-20 06:30:39.503","2024-02-20 07:10:05.503","Friedrich-Ludwig-Jahn-Straße 7, 06366 Köthen (Anhalt), Deutschland","51.742694","11.959235","Thomas-Müntzer-Ring 10A, 06388 Südliches Anhalt, Deutschland","51.700495","11.940258",2
"2024-02-20 11:00:28.537","2024-02-20 11:15:28.537","2024-02-20 11:00:28.537","2024-02-20 11:49:16.537","Dessauer Straße 41, 06385 Aken (Elbe), Deutschland","51.854541","12.051726","Köthener Badewelt, Ratswall 9, 06366 Köthen (Anhalt), Deutschland","51.759209","11.973949",2
"2024-02-20 05:20:11.445","2024-02-20 05:35:11.445","2024-02-20 05:20:11.445","2024-02-20 06:14:59.445","Trebitz (Elbe) Mühlenweg, Mühlenweg 1A, 06905 Bad Schmiedeberg, Deutschland","51.748539","12.748576","Hauptbahnhof Lutherstadt Wittenberg, Am Hauptbahnhof, 06886 Wittenberg, Deutschland","51.868203","12.661296",1
"2024-02-20 04:22:24.224","2024-02-20 04:37:24.224","2024-02-20 04:22:24.224","2024-02-20 05:07:30.224","Lessingstraße 9, 06766 Bitterfeld-Wolfen, Deutschland","51.668333","12.255847","Vetter Omnibus-und Mietwagenbetrieb, Hinsdorfer Weg 1, 06780 Zörbig, Deutschland","51.694959","12.173316",1
"2024-02-20 06:23:19.327","2024-02-20 06:38:19.327","2024-02-20 06:23:19.327","2024-02-20 07:10:17.327","Bräsen 25, 06868 Coswig (Anhalt), Deutschland","51.963804","12.377615","E Neukauf Monika Fiegert, Schwarzer Weg 4, 06869 Coswig (Anhalt), Deutschland","51.891223","12.45634",1
"2024-02-20 08:20:40.288","2024-02-20 08:35:40.288","2024-02-20 08:20:40.288","2024-02-20 08:55:06.288","Rodigkauer Straße 7, 06780 Zörbig, Deutschland","51.656073","12.156321","Markt, Lange Straße 34, 06780 Zörbig, Deutschland","51.628142","12.119438",1
"2024-02-20 13:45:07.381","2024-02-20 14:00:07.381","2024-02-20 13:45:07.381","2024-02-20 14:25:43.381","Straße der Jugend 5, 06780 Zörbig, Deutschland","51.654539","12.151984","Schulplatz 9, 06794 Sandersdorf-Brehna, Deutschland","51.592759","12.179308",1
"2024-02-20 16:30:49.843","2024-02-20 16:45:49.843","2024-02-20 16:30:49.843","2024-02-20 17:15:47.843","Zehbitzer Straße 42, 06780 Zörbig, Deutschland","51.694063","12.173538","Markt 13, 06780 Zörbig, Deutschland","51.628063","12.119564",1
"2024-02-20 12:35:08.076","2024-02-20 12:50:08.076","2024-02-20 12:35:08.076","2024-02-20 13:46:32.076","Birkenweg 5, Bad Schmiedeberg","51.67718","12.704351","Dessauer Straße 277, 06886 Wittenberg, Deutschland","51.865899","12.625519",1
"2024-02-20 10:39:18.453","2024-02-20 10:54:18.453","2024-02-20 10:39:18.453","2024-02-20 11:16:24.453","Zörbiger Straße, 06749 Bitterfeld-Wolfen, Deutschland","51.625137","12.305311","Leopoldstraße, 06800 Raguhn-Jeßnitz, Deutschland","51.683762","12.30446",3
"2024-02-20 18:40:29.897","2024-02-20 18:55:29.897","2024-02-20 18:40:29.897","2024-02-20 19:10:29.897","Bärteichpromenade, Bärteichpromenade 12B, 06366 Köthen (Anhalt), Deutschland","51.749462","11.973954","Am Park 4A, 06369 Köthen (Anhalt), Deutschland","51.732864","11.922109",2
"2024-02-20 09:45:48.606","2024-02-20 10:00:48.606","2024-02-20 09:45:48.606","2024-02-20 10:39:52.606","Hauptbahnhof Lutherstadt Wittenberg, Am Hauptbahnhof, 06886 Wittenberg, Deutschland","51.868203","12.661296","Wartenburg Denkmal, Yorckring, 06901 Kemberg, Deutschland","51.811453","12.774631",1
"2024-02-20 19:10:24.589","2024-02-20 19:25:24.589","2024-02-20 19:10:24.589","2024-02-20 20:00:46.589","Gut Zehringen, Lindenstraße 13, 06369 Köthen (Anhalt), Deutschland","51.765058","12.025189","Kreissparkasse Anhalt-Bitterfeld, Hauptstraße 30A, 06369 Südliches Anhalt, Deutschland","51.672264","12.076551",1
"2024-02-20 04:11:11.388","2024-02-20 04:26:11.388","2024-02-20 04:11:11.388","2024-02-20 05:00:01.388","Radegaster Str., Radegaster Straße 37, 06780 Zörbig, Deutschland","51.63398","12.114378","Brehnaer Straße 23, 06749 Bitterfeld-Wolfen, Deutschland","51.614463","12.310727",1
"2024-02-20 18:00:22.565","2024-02-20 18:15:22.565","2024-02-20 18:00:22.565","2024-02-20 18:43:48.565","Dessauer Straße 58, 06749 Bitterfeld-Wolfen, Deutschland","51.630203","12.321739","Ernst-Thälmann-Straße 39, 06780 Zörbig, Deutschland","51.618924","12.180061",1
"2024-02-20 08:00:13.705","2024-02-20 08:15:13.705","2024-02-20 08:00:13.705","2024-02-20 08:40:27.705","Dorfstraße 46, Südliches Anhalt","51.681888","11.960919","Bärteichpromenade, 06366 Köthen (Anhalt), Deutschland","51.749451","11.97368",1
"2024-02-20 04:45:23.170","2024-02-20 05:00:23.170","2024-02-20 04:45:23.170","2024-02-20 05:44:41.170","Wartenburg am Sand, Am Sand 20, 06901 Kemberg, Deutschland","51.810144","12.77955","Mittelstraße 30, 06886 Wittenberg, Deutschland","51.864994","12.651511",1
"2024-02-20 09:10:55.088","2024-02-20 09:25:55.088","2024-02-20 09:10:55.088","2024-02-20 09:40:55.088","Riesigk, Wallstraße, 06785 Oranienbaum-Wörlitz, Deutschland","51.822171","12.46962","Zum Heidehügel 15, 06785 Oranienbaum-Wörlitz, Deutschland","51.814336","12.442882",1
"2024-02-20 11:00:05.229","2024-02-20 11:15:05.229","2024-02-20 11:00:05.229","2024-02-20 11:36:39.229","Thießen 25, 06888 Wittenberg, Deutschland","51.919126","12.675643","Am Tierpark, Mauerstraße 18, 06886 Wittenberg, Deutschland","51.869105","12.643032",1
"2024-02-20 15:20:36.343","2024-02-20 15:35:36.343","2024-02-20 15:20:36.343","2024-02-20 16:12:56.343","Ärztehaus, Leipziger Straße 7B, 06901 Kemberg, Deutschland","51.768822","12.631501","Naderkau 9, 06901 Kemberg, Deutschland","51.786308","12.462916",2
"2024-02-20 16:45:46.413","2024-02-20 17:00:46.413","2024-02-20 16:45:46.413","2024-02-20 17:19:22.413","Pratau Freischütz, Alte Wittenberger Straße 2, 06888 Wittenberg, Deutschland","51.844644","12.644326","Rackither Dorfplatz 1, 06901 Kemberg, Deutschland","51.80394","12.684599",2
"2024-02-20 10:25:33.417","2024-02-20 10:40:33.417","2024-02-20 10:25:33.417","2024-02-20 11:07:15.417","Adorf-Diesterweg Schule, Teichstraße 25, 06809 Sandersdorf-Brehna, Deutschland","51.575812","12.259974","Carlsfeld 5, Sandersdorf-Brehna","51.547731","12.177279",2
"2024-02-20 10:40:24.589","2024-02-20 10:55:24.589","2024-02-20 10:40:24.589","2024-02-20 11:30:44.589","Kreissparkasse Anhalt-Bitterfeld, Hauptstraße 30A, 06369 Südliches Anhalt, Deutschland","51.672264","12.076551","Gut Zehringen, Lindenstraße 13, 06369 Köthen (Anhalt), Deutschland","51.765058","12.025189",1
"2024-02-20 09:45:36.912","2024-02-20 10:00:36.912","2024-02-20 09:45:36.912","2024-02-20 10:35:48.912","Gadegast 11, 06895 Zahna-Elster, Deutschland","51.890433","12.893777","Lindenstraße 1, 06917 Jessen (Elster), Deutschland","51.785899","12.959101",1
"2024-02-20 18:30:59.015","2024-02-20 18:45:59.015","2024-02-20 18:30:59.015","2024-02-20 19:18:55.015","Bitterfeld Fisch Eck, Walther-Rathenau-Straße 55, 06749 Bitterfeld-Wolfen, Deutschland","51.622281","12.323578","Alte Hauptstraße 7, 06774 Muldestausee, Deutschland","51.656799","12.443267",1
"2024-02-20 16:25:10.748","2024-02-20 16:40:10.748","2024-02-20 16:25:10.748","2024-02-20 17:00:18.748","Weißandt-Gölzau Tanzfleck, Kirchstraße, 06369 Südliches Anhalt, Deutschland","51.671217","12.068295","Repau, Südliches Anhalt, Sachsen-Anhalt, Deutschland","51.714241","12.068643",1
"2024-02-20 15:10:23.667","2024-02-20 15:25:23.667","2024-02-20 15:10:23.667","2024-02-20 16:14:29.667","Am Klärwerk 6, 06766 Bitterfeld-Wolfen, Deutschland","51.660025","12.28269","Platz der Jugend 4, 06780 Zörbig, Deutschland","51.649507","12.036111",1
"2024-02-20 05:10:48.702","2024-02-20 05:25:48.702","2024-02-20 05:10:48.702","2024-02-20 06:01:24.702","Axien Gemeindeverwaltung, Kähnitzscher Straße 40, 06925 Annaburg, Deutschland","51.701279","12.894258","Friedhof, Annaburger Straße, 06917 Jessen (Elster), Deutschland","51.785357","12.953903",1
"2024-02-20 18:30:41.632","2024-02-20 18:45:41.632","2024-02-20 18:30:41.632","2024-02-20 19:03:33.632","Bahnhof, Bahnhofsplatz, 06366 Köthen (Anhalt), Deutschland","51.752845","11.986747","Freizeit Ferienhof, Trinumer Weg 4, 06386 Osternienburger Land, Deutschland","51.766341","11.932136",1
"2024-02-20 12:00:39.854","2024-02-20 12:15:39.854","2024-02-20 12:00:39.854","2024-02-20 12:32:23.854","Rathaus Bad Schmiedeberg, Markt 11, 06905 Bad Schmiedeberg, Deutschland","51.687545","12.738298","Pretzsch (Elbe) Goetheallee, Wittenberger Straße, 06905 Bad Schmiedeberg, Deutschland","51.716308","12.804815",2
"2024-02-20 15:00:53.281","2024-02-20 15:15:53.281","2024-02-20 15:00:53.281","2024-02-20 15:39:09.281","Salzfurtkapelle Alte Schule, Zehbitzer Straße, 06780 Zörbig, Deutschland","51.694133","12.175521","Wolfen Nord Dessauer Allee, Dessauer Allee 49, 06766 Bitterfeld-Wolfen, Deutschland","51.682726","12.26322",1
"2024-02-20 08:30:26.254","2024-02-20 08:45:26.254","2024-02-20 08:30:26.254","2024-02-20 09:04:08.254","Zeschdorfer Straße 18, 06780 Zörbig, Deutschland","51.58519","12.130955","Markt, Lange Straße 34, 06780 Zörbig, Deutschland","51.628142","12.119438",2
"2024-02-20 09:05:28.222","2024-02-20 09:20:28.222","2024-02-20 09:05:28.222","2024-02-20 09:39:18.222","Zschepkauer Dorfstraße 30, 06766 Bitterfeld-Wolfen, Deutschland","51.655203","12.196787","Heinrich-Heine-Gymnasium, Reudener Straße 74, 06766 Bitterfeld-Wolfen, Deutschland","51.669443","12.244967",1
"2024-02-20 06:45:38.515","2024-02-20 07:00:38.515","2024-02-20 06:45:38.515","2024-02-20 07:26:06.515","Markt 13, 06780 Zörbig, Deutschland","51.628063","12.119564","Zehbitzer Straße 42, 06780 Zörbig, Deutschland","51.694063","12.173538",2
"2024-02-20 11:05:12.328","2024-02-20 11:20:12.328","2024-02-20 11:05:12.328","2024-02-20 11:35:12.328","Bergwitz Anker, Lindenstraße 1, 06901 Kemberg, Deutschland","51.79453","12.589064","Ärztehaus, Leipziger Straße 7B, 06901 Kemberg, Deutschland","51.768822","12.631501",1
"2024-02-20 15:27:30.406","2024-02-20 15:42:30.406","2024-02-20 15:27:30.406","2024-02-20 16:27:40.406","Parsevalstraße 2, 06749 Bitterfeld-Wolfen, Deutschland","51.627115","12.302197","Straße der Bodenreform 3, 06780 Zörbig, Deutschland","51.652218","12.030466",1
"2024-02-20 05:30:46.292","2024-02-20 05:45:46.292","2024-02-20 05:30:46.292","2024-02-20 06:00:46.292","Schnellin 19, 06905 Bad Schmiedeberg, Deutschland","51.762042","12.712748","Firma Säger, Schmiedeberger Straße 21, 06901 Kemberg, Deutschland","51.765589","12.637391",1
"2024-02-20 10:00:01.618","2024-02-20 10:15:01.618","2024-02-20 10:00:01.618","2024-02-20 10:31:57.618","Gentha, Genthaer Dorfstraße, 06917 Jessen (Elster), Deutschland","51.850243","12.898079","Meltendorfer Straße 17, 06895 Zahna-Elster, Deutschland","51.82958","12.834966",1
"2024-02-20 17:45:53.281","2024-02-20 18:00:53.281","2024-02-20 17:45:53.281","2024-02-20 18:24:07.281","Wolfen Nord Dessauer Allee, Dessauer Allee 49, 06766 Bitterfeld-Wolfen, Deutschland","51.682726","12.26322","Salzfurtkapelle Alte Schule, Zehbitzer Straße, 06780 Zörbig, Deutschland","51.694133","12.175521",1
"2024-02-20 17:35:48.222","2024-02-20 17:50:48.222","2024-02-20 17:35:48.222","2024-02-20 18:28:28.222","Holzweißig Klubhaus, Straße des Friedens 36, 06808 Bitterfeld-Wolfen, Deutschland","51.598041","12.307213","Stadtbad Zörbig, Wasserturmstraße 1, 06780 Zörbig, Deutschland","51.622728","12.122308",2
"2024-02-20 07:00:03.790","2024-02-20 07:15:03.790","2024-02-20 07:00:03.790","2024-02-20 07:42:25.790","Carlsfeld 5, Sandersdorf-Brehna","51.547731","12.177279","Adorf-Diesterweg Schule, Teichstraße 25, 06809 Sandersdorf-Brehna, Deutschland","51.575812","12.259974",2
"2024-02-20 07:26:49.971","2024-02-20 07:41:49.971","2024-02-20 07:26:49.971","2024-02-20 08:24:01.971","Sachau 9A, 06905 Bad Schmiedeberg, Deutschland","51.686705","12.826675","Großkorgauer Straße 20, 06905 Bad Schmiedeberg, Deutschland","51.63979","12.65287",1
"2024-02-20 12:00:15.473","2024-02-20 12:15:15.473","2024-02-20 12:00:15.473","2024-02-20 12:36:57.473","Edderitz Neues Dorf, Leninplatz 8, 06388 Südliches Anhalt, Deutschland","51.699615","11.935444","Penny, Friedrich-Ludwig-Jahn-Straße, 06366 Köthen (Anhalt), Deutschland","51.745105","11.960667",3
"2024-02-20 14:28:54.933","2024-02-20 14:43:54.933","2024-02-20 14:28:54.933","2024-02-20 15:09:30.933","Straße der Jugend 5, 06780 Zörbig, Deutschland","51.654539","12.151984","Schulplatz 9, 06794 Sandersdorf-Brehna, Deutschland","51.592759","12.179308",1
"2024-02-20 10:10:22.393","2024-02-20 10:25:22.393","2024-02-20 10:10:22.393","2024-02-20 10:47:08.393","Käsperstraße 9, 39261 Zerbst/Anhalt, Deutschland","51.962025","12.086604","Steutz Jahnstr., Ludwig-Jahn-Straße 13, 39264 Zerbst/Anhalt, Deutschland","51.877038","12.081157",1
"2024-02-20 14:20:45.705","2024-02-20 14:35:45.705","2024-02-20 14:20:45.705","2024-02-20 15:02:27.705","Adorf-Diesterweg Schule, Teichstraße 25, 06809 Sandersdorf-Brehna, Deutschland","51.575812","12.259974","Carlsfeld 5, Sandersdorf-Brehna","51.547731","12.177279",1
"2024-02-20 15:00:32.933","2024-02-20 15:15:32.933","2024-02-20 15:00:32.933","2024-02-20 15:35:02.933","Schortewitz Zeundorf, Platz der Jugend, 06780 Zörbig, Deutschland","51.649402","12.035644","Markt, Lange Straße 34, 06780 Zörbig, Deutschland","51.628142","12.119438",1
"2024-02-20 05:45:54.472","2024-02-20 06:00:54.472","2024-02-20 05:45:54.472","2024-02-20 06:20:18.472","Dr.-Enno-Sander-Straße 2, Osternienburger Land","51.772988","11.910338","Bahnhof Köthen, Bahnhofsplatz, 06366 Köthen (Anhalt), Deutschland","51.752284","11.988098",1
"2024-02-20 06:50:00.156","2024-02-20 07:05:00.156","2024-02-20 06:50:00.156","2024-02-20 07:20:00.156","Karl-Marx-Straße 21, 06388 Köthen (Anhalt), Deutschland","51.708294","11.980354","Bahnhof Köthen, Bahnhofsplatz, 06366 Köthen (Anhalt), Deutschland","51.752284","11.988098",1
"2024-02-20 18:35:04.989","2024-02-20 18:50:04.989","2024-02-20 18:35:04.989","2024-02-20 19:11:36.989","Bahnhof Annaburg, Am Bahnhof, 06925 Annaburg, Deutschland","51.728695","13.033502","Bethau 15, 06925 Annaburg, Deutschland","51.673485","12.998124",1
"2024-02-20 13:40:04.989","2024-02-20 13:55:04.989","2024-02-20 13:40:04.989","2024-02-20 14:10:04.989","Münchener Straße 15, 06796 Sandersdorf-Brehna, Deutschland","51.565223","12.183416","Brehna Feuerwache, An der B100, 06796 Sandersdorf-Brehna, Deutschland","51.555886","12.20419",1
"2024-02-20 21:45:06.718","2024-02-20 22:00:06.718","2024-02-20 21:45:06.718","2024-02-20 22:45:04.718","Cobbelsdorfer Hauptstraße 8, 06869 Coswig (Anhalt), Deutschland","51.960316","12.533762","Paul-Gerhardt-Stift, Sternstraße 85, 06886 Wittenberg, Deutschland","51.870475","12.653541",2
"2024-02-20 21:30:54.629","2024-02-20 21:45:54.629","2024-02-20 21:30:54.629","2024-02-20 22:10:56.629","Hauptpost, Wilhelm-Weber-Straße 1, 06886 Wittenberg, Deutschland","51.865659","12.65318","Rehwinkel 3, 06886 Wittenberg, Deutschland","51.891377","12.572746",2
"2024-02-20 14:05:21.045","2024-02-20 14:20:21.045","2024-02-20 14:05:21.045","2024-02-20 14:50:21.045","Karl-Windschild-Weg 15, 06366 Köthen (Anhalt), Deutschland","51.743395","11.954717","Nahkauf, Gewerbepark 1, 06369 Südliches Anhalt, Deutschland","51.6729","12.080325",1
"2024-02-20 20:30:40.316","2024-02-20 20:45:40.316","2024-02-20 20:30:40.316","2024-02-20 21:03:34.316","Busbahnhof Wittenberg, Am Hauptbahnhof, 06886 Wittenberg, Deutschland","51.868758","12.662319","Hans-Lorbeer-Straße 3, 06886 Wittenberg, Deutschland","51.866095","12.601433",3
"2024-02-20 17:07:23.918","2024-02-20 17:22:23.918","2024-02-20 17:07:23.918","2024-02-20 17:45:45.918","Bahnhof Zerbst-Anhalt, Am Bahnhof 3, 39261 Zerbst/Anhalt, Deutschland","51.954265","12.089128","Lindau (Anhalt) Kajenbreite, Goethestraße 27, 39264 Zerbst/Anhalt, Deutschland","52.036114","12.105635",1
"2024-02-20 11:00:30.488","2024-02-20 11:15:30.488","2024-02-20 11:00:30.488","2024-02-20 11:43:18.488","Maxim-Gorki-Straße 38, 06366 Köthen (Anhalt), Deutschland","51.743613","11.987377","Lausigk (Scheuder), Lausigker Straße 6, 06386 Südliches Anhalt, Deutschland","51.757982","12.084256",2
"2024-02-20 12:28:36.685","2024-02-20 12:43:36.685","2024-02-20 12:28:36.685","2024-02-20 13:31:40.685","Alte Schweinitzer Straße 1A, 06917 Jessen (Elster), Deutschland","51.790747","12.95872","Prettin drei Linden, Lichtenburger Straße 5, 06925 Annaburg, Deutschland","51.660406","12.934833",1
"2024-02-20 05:01:38.623","2024-02-20 05:16:38.623","2024-02-20 05:01:38.623","2024-02-20 05:31:38.623","Ruhlsdorf 13B, 06917 Jessen (Elster), Deutschland","51.818915","12.908806","Rehainerstr., Rehainer Straße 14, 06917 Jessen (Elster), Deutschland","51.797074","12.943351",3
"2024-02-20 20:00:45.935","2024-02-20 20:15:45.935","2024-02-20 20:00:45.935","2024-02-20 20:46:53.935","Kleiner Plan 7, 06366 Köthen (Anhalt), Deutschland","51.753855","11.971943","Ritterstraße 89, 06385 Aken (Elbe), Deutschland","51.850085","12.04706",2
"2024-02-20 16:30:31.358","2024-02-20 16:45:31.358","2024-02-20 16:30:31.358","2024-02-20 17:15:29.358","Zehbitzer Straße 42, 06780 Zörbig, Deutschland","51.694063","12.173538","Markt 13, 06780 Zörbig, Deutschland","51.628063","12.119564",1
"2024-02-20 07:20:57.662","2024-02-20 07:35:57.662","2024-02-20 07:20:57.662","2024-02-20 07:50:57.662","Zabitzer Chaussee 12, 06386 Osternienburger Land, Deutschland","51.785174","11.925792","Hagebaucentrum, Elsdorfer Weg 2, 06366 Köthen (Anhalt), Deutschland","51.76496","11.984066",1
"2024-02-20 11:13:57.056","2024-02-20 11:28:57.056","2024-02-20 11:13:57.056","2024-02-20 11:45:47.056","Hohenlepte, Zerbster Straße 18A, 39264 Zerbst/Anhalt, Deutschland","51.954874","12.00792","Bahnhof Zerbst-Anhalt, Am Bahnhof 3, 39261 Zerbst/Anhalt, Deutschland","51.954265","12.089128",1
"2024-02-20 12:00:03.466","2024-02-20 12:15:03.466","2024-02-20 12:00:03.466","2024-02-20 12:40:37.466","Baseline-Handyshop im Kaufland, Alte Brücke 3, 39261 Zerbst/Anhalt, Deutschland","51.966051","12.08535","Dorfstraße 2, 39264 Zerbst/Anhalt, Deutschland","51.986482","12.233895",2
"2024-02-20 12:36:32.367","2024-02-20 12:51:32.367","2024-02-20 12:36:32.367","2024-02-20 13:14:26.367","Bahnhof Weißandt-Gölzau, Am Bahnhof, 06369 Südliches Anhalt, Deutschland","51.669352","12.029648","Freilandstraße 4, 06369 Südliches Anhalt, Deutschland","51.657282","12.101155",1
"2024-02-20 12:00:42.617","2024-02-20 12:15:42.617","2024-02-20 12:00:42.617","2024-02-20 13:05:02.617","Nordschule, Straße der Jugend 4, 06917 Jessen (Elster), Deutschland","51.796286","12.962692","Ringstraße, 06925 Annaburg, Deutschland","51.665887","12.92102",3
"2024-02-20 04:50:41.705","2024-02-20 05:05:41.705","2024-02-20 04:50:41.705","2024-02-20 05:20:41.705","Thalheim Wolfener Str., Wolfener Straße 1, 06766 Bitterfeld-Wolfen, Deutschland","51.652469","12.230678","S-Bahn Bahnhof Wolfen (Bitterfeld), Bahnhofstraße, 06766 Bitterfeld-Wolfen, Deutschland","51.661307","12.278588",1
"2024-02-20 12:45:22.876","2024-02-20 13:00:22.876","2024-02-20 12:45:22.876","2024-02-20 13:32:16.876","Bärteichpromenade, Bärteichpromenade 12B, 06366 Köthen (Anhalt), Deutschland","51.749462","11.973954","Bobbe (Dornbock) Haltestelle, Kastanienallee, 06386 Osternienburger Land, Deutschland","51.836441","11.892698",1
"2024-02-20 12:30:26.880","2024-02-20 12:45:26.880","2024-02-20 12:30:26.880","2024-02-20 13:08:14.880","Hauptstraße 13, 06773 Gräfenhainichen, Deutschland","51.681051","12.53853","Rudolf-Breitscheid-Straße 13A, 06773 Gräfenhainichen, Deutschland","51.727366","12.454136",1
"2024-02-20 05:45:51.394","2024-02-20 06:00:51.394","2024-02-20 05:45:51.394","2024-02-20 06:37:07.394","Freilandstraße 4, 06369 Südliches Anhalt, Deutschland","51.657282","12.101155","Bahnhof Köthen, Bahnhofsplatz, 06366 Köthen (Anhalt), Deutschland","51.752284","11.988098",1
"2024-02-20 18:30:09.201","2024-02-20 18:45:09.201","2024-02-20 18:30:09.201","2024-02-20 19:03:15.201","Dommitzscher Str., Dommitzscher Straße 2, 06905 Bad Schmiedeberg, Deutschland","51.683144","12.735264","Pretzsch (Elbe) Goetheallee, Wittenberger Straße, 06905 Bad Schmiedeberg, Deutschland","51.716308","12.804815",1
"2024-02-20 17:41:56.268","2024-02-20 17:56:56.268","2024-02-20 17:41:56.268","2024-02-20 18:18:28.268","Bahnhof Annaburg, Am Bahnhof, 06925 Annaburg, Deutschland","51.728695","13.033502","Bethau 15, 06925 Annaburg, Deutschland","51.673485","12.998124",1
"2024-02-20 05:56:09.986","2024-02-20 06:11:09.986","2024-02-20 05:56:09.986","2024-02-20 07:00:15.986","Platz der Jugend 4, 06780 Zörbig, Deutschland","51.649507","12.036111","Am Klärwerk 6, 06766 Bitterfeld-Wolfen, Deutschland","51.660025","12.28269",1
"2024-02-20 07:00:48.788","2024-02-20 07:15:48.788","2024-02-20 07:00:48.788","2024-02-20 07:52:38.788","Röntgenweg 2, 06886 Wittenberg, Deutschland","51.886268","12.665642","Paul-Utzschneider-Straße 1, 06895 Zahna-Elster, Deutschland","51.915754","12.774915",1
"2024-02-20 18:30:13.191","2024-02-20 18:45:13.191","2024-02-20 18:30:13.191","2024-02-20 19:25:53.191","Hauptbahnhof Lutherstadt Wittenberg, Am Hauptbahnhof, 06886 Wittenberg, Deutschland","51.868203","12.661296","Wartenburg am Sand, Am Sand 20, 06901 Kemberg, Deutschland","51.810144","12.77955",1
"2024-02-20 20:30:40.316","2024-02-20 20:45:40.316","2024-02-20 20:30:40.316","2024-02-20 21:03:34.316","Busbahnhof Wittenberg, Am Hauptbahnhof, 06886 Wittenberg, Deutschland","51.868758","12.662319","Hans-Lorbeer-Straße 3, 06886 Wittenberg, Deutschland","51.866095","12.601433",1
"2024-02-20 15:15:08.730","2024-02-20 15:30:08.730","2024-02-20 15:15:08.730","2024-02-20 16:19:14.730","Am Klärwerk 6, 06766 Bitterfeld-Wolfen, Deutschland","51.660025","12.28269","Platz der Jugend 4, 06780 Zörbig, Deutschland","51.649507","12.036111",1
"2024-02-20 05:31:15.435","2024-02-20 05:46:15.435","2024-02-20 05:31:15.435","2024-02-20 06:10:27.435","Karl-Marx-Straße 11, 06388 Südliches Anhalt, Deutschland","51.700618","11.935404","Bahnhof Köthen, Bahnhofsplatz, 06366 Köthen (Anhalt), Deutschland","51.752284","11.988098",1
"2024-02-20 20:40:30.574","2024-02-20 20:55:30.574","2024-02-20 20:40:30.574","2024-02-20 21:25:14.574","Wartenburg am Sand, Am Sand 20, 06901 Kemberg, Deutschland","51.810144","12.77955","Pratau Alte Wittenberger Str., Alte Wittenberger Straße, 06888 Wittenberg, Deutschland","51.836327","12.641675",2
"2024-02-20 04:40:52.885","2024-02-20 04:55:52.885","2024-02-20 04:40:52.885","2024-02-20 05:30:56.885","Bitterfelder Str., Bitterfelder Straße 49, 06780 Zörbig, Deutschland","51.625593","12.133631","Bitterfeld Krankenhaus, Friedrich-Ludwig-Jahn-Straße 7, 06749 Bitterfeld-Wolfen, Deutschland","51.632753","12.331083",1
"2024-02-20 04:30:49.619","2024-02-20 04:45:49.619","2024-02-20 04:30:49.619","2024-02-20 05:20:15.619","Röntgenweg 14, 06886 Wittenberg, Deutschland","51.887131","12.666632","Breitenstraße 33, 06895 Zahna-Elster, Deutschland","51.913729","12.787751",1
"2024-02-20 04:45:47.416","2024-02-20 05:00:47.416","2024-02-20 04:45:47.416","2024-02-20 05:28:07.416","Ernst-Thälmann-Straße 20, 06780 Zörbig, Deutschland","51.620755","12.176256","S-Bahn Bahnhof Bitterfeld, Bahnhofstraße, 06749 Bitterfeld-Wolfen, Deutschland","51.622428","12.318232",1
"2024-02-20 08:00:03.466","2024-02-20 08:15:03.466","2024-02-20 08:00:03.466","2024-02-20 09:00:49.466","Am Kiefernweg 6, 39264 Zerbst/Anhalt, Deutschland","52.07611","12.227445","Baseline-Handyshop im Kaufland, Alte Brücke 3, 39261 Zerbst/Anhalt, Deutschland","51.966051","12.08535",1
"2024-02-20 15:35:03.785","2024-02-20 15:50:03.785","2024-02-20 15:35:03.785","2024-02-20 16:26:19.785","Fabrik 2, 06895 Zahna-Elster, Deutschland","51.853736","12.748308","Neue Straße 10, 06917 Jessen (Elster), Deutschland","51.881081","12.906489",1
"2024-02-20 13:45:14.200","2024-02-20 14:00:14.200","2024-02-20 13:45:14.200","2024-02-20 14:16:58.200","Meltendorfer Straße 17, 06895 Zahna-Elster, Deutschland","51.82958","12.834966","Gentha, Genthaer Dorfstraße, 06917 Jessen (Elster), Deutschland","51.850243","12.898079",1
"2024-02-20 19:45:44.806","2024-02-20 20:00:44.806","2024-02-20 19:45:44.806","2024-02-20 20:35:08.806","Pulspfordaer Straße 9, 39261 Zerbst/Anhalt, Deutschland","51.97312","12.098087","Ronney 5, 39264 Zerbst/Anhalt, Deutschland","51.961952","11.913798",2
"2024-02-20 13:45:30.532","2024-02-20 14:00:30.532","2024-02-20 13:45:30.532","2024-02-20 14:26:06.532","Straße der Jugend 5, 06780 Zörbig, Deutschland","51.654539","12.151984","Schulplatz 9, 06794 Sandersdorf-Brehna, Deutschland","51.592759","12.179308",2
"2024-02-20 05:05:47.272","2024-02-20 05:20:47.272","2024-02-20 05:05:47.272","2024-02-20 06:05:15.272","Bietegast 24, 06901 Kemberg, Deutschland","51.798001","12.712807","Kurzentrum, Moschwiger Straße, 06905 Bad Schmiedeberg, Deutschland","51.679971","12.733586",2
"2024-02-20 21:00:44.176","2024-02-20 21:15:44.176","2024-02-20 21:00:44.176","2024-02-20 21:47:00.176","Rüsternbreite, Anhaltische Straße 1, 06366 Köthen (Anhalt), Deutschland","51.745966","11.958661","Weißandt-Gölzau Verwaltungsamt, Hauptstraße, 06369 Südliches Anhalt, Deutschland","51.671761","12.076727",1
"2024-02-20 10:30:03.466","2024-02-20 10:45:03.466","2024-02-20 10:30:03.466","2024-02-20 11:00:03.466","Netto Filiale, Stumsdorfer Straße 5, 06780 Zörbig, Deutschland","51.626951","12.110483","Thälmannplatz 9, 06780 Zörbig, Deutschland","51.614045","12.063396",1
"2024-02-20 11:00:23.759","2024-02-20 11:15:23.759","2024-02-20 11:00:23.759","2024-02-20 12:01:15.759","Baseline-Handyshop im Kaufland, Alte Brücke 3, 39261 Zerbst/Anhalt, Deutschland","51.966051","12.08535","Am Kiefernweg 6, 39264 Zerbst/Anhalt, Deutschland","52.07611","12.227445",1
"2024-02-20 17:10:44.806","2024-02-20 17:25:44.806","2024-02-20 17:10:44.806","2024-02-20 17:59:00.806","Ronney 5, 39264 Zerbst/Anhalt, Deutschland","51.961952","11.913798","Pulspfordaer Straße 9, 39261 Zerbst/Anhalt, Deutschland","51.97312","12.098087",1
"2024-02-20 07:30:56.019","2024-02-20 07:45:56.019","2024-02-20 07:30:56.019","2024-02-20 08:08:02.019","Franzstraße 12, 06366 Köthen (Anhalt), Deutschland","51.747309","11.982534","Edderitz Neues Dorf, Leninplatz 8, 06388 Südliches Anhalt, Deutschland","51.699615","11.935444",2
"2024-02-20 10:05:56.704","2024-02-20 10:20:56.704","2024-02-20 10:05:56.704","2024-02-20 11:08:06.704","Wahlsdorfer Dorfstraße 27, 06869 Coswig (Anhalt), Deutschland","51.944834","12.516187","Bahnhof Lutherstadt Wittenb. Altstadt, Kurfürstenring, 06886 Wittenberg, Deutschland","51.863981","12.641279",1
"2024-02-20 14:20:10.619","2024-02-20 14:35:10.619","2024-02-20 14:20:10.619","2024-02-20 14:53:56.619","Bahnhofstraße 73, 06901 Kemberg, Deutschland","51.80051","12.579719","Tankstelle Kemberg Ettlich, Schmiedeberger Straße 20A, 06901 Kemberg, Deutschland","51.76487","12.639522",1
"2024-02-20 21:30:54.950","2024-02-20 21:45:54.950","2024-02-20 21:30:54.950","2024-02-20 22:04:40.950","Netto Filiale, Berliner Straße 2, 06869 Coswig (Anhalt), Deutschland","51.887934","12.461734","Untere Dorfstraße 44, 06869 Coswig (Anhalt), Deutschland","51.95839","12.479338",1
"2024-02-20 08:20:15.210","2024-02-20 08:35:15.210","2024-02-20 08:20:15.210","2024-02-20 08:59:21.210","Kreissparkasse Anhalt-Bitterfeld - Filiale Köthen Rüsternbreite, Anhaltische Straße 1, 06366 Köthen (Anhalt), Deutschland","51.745966","11.958661","Görzig Domäne, Hallesche Straße 2A, 06369 Südliches Anhalt, Deutschland","51.664401","11.993217",1
"2024-02-20 11:30:04.355","2024-02-20 11:45:04.355","2024-02-20 11:30:04.355","2024-02-20 12:00:04.355","Bärteichpromenade, Bärteichpromenade 12B, 06366 Köthen (Anhalt), Deutschland","51.749462","11.973954","Trinum Alte Fernstr., Alte Fernstraße 13, 06386 Osternienburger Land, Deutschland","51.771759","11.912056",1
"2024-02-20 20:30:36.160","2024-02-20 20:45:36.160","2024-02-20 20:30:36.160","2024-02-20 21:11:26.160","Ärztehaus, Leipziger Straße 7B, 06901 Kemberg, Deutschland","51.768822","12.631501","Dommitzscher Str., Dommitzscher Straße 2, 06905 Bad Schmiedeberg, Deutschland","51.683144","12.735264",1
"2024-02-20 20:00:12.755","2024-02-20 20:15:12.755","2024-02-20 20:00:12.755","2024-02-20 20:44:12.755","Köthener Straße 15, 06385 Aken (Elbe), Deutschland","51.851791","12.043763","Lange Straße 42, 06366 Köthen (Anhalt), Deutschland","51.755748","11.971149",1
"2024-02-20 10:30:09.201","2024-02-20 10:45:09.201","2024-02-20 10:30:09.201","2024-02-20 11:03:03.201","Pretzsch (Elbe) Goetheallee, Wittenberger Straße, 06905 Bad Schmiedeberg, Deutschland","51.716308","12.804815","Dommitzscher Str., Dommitzscher Straße 2, 06905 Bad Schmiedeberg, Deutschland","51.683144","12.735264",2
"2024-02-20 20:35:51.908","2024-02-20 20:50:51.908","2024-02-20 20:35:51.908","2024-02-20 21:15:35.908","Lindenstraße 10, 06366 Köthen (Anhalt), Deutschland","51.752892","11.975887","Dohndorf Köthener Str., Köthener Straße 14, 06369 Köthen (Anhalt), Deutschland","51.724376","11.873877",2
"2024-02-20 15:25:15.167","2024-02-20 15:40:15.167","2024-02-20 15:25:15.167","2024-02-20 15:58:17.167","Bahnhof Köthen, Bahnhofsplatz, 06366 Köthen (Anhalt), Deutschland","51.752284","11.988098","Trinumer Weg 4, 06386 Osternienburger Land, Deutschland","51.766341","11.932136",2
"2024-02-20 05:10:04.303","2024-02-20 05:25:04.303","2024-02-20 05:10:04.303","2024-02-20 05:56:10.303","Ernst-Thälmann-Straße 39, 06780 Zörbig, Deutschland","51.618924","12.180061","Bitterfeld Krankenhaus, Friedrich-Ludwig-Jahn-Straße 7, 06749 Bitterfeld-Wolfen, Deutschland","51.632753","12.331083",2
"2024-02-20 16:00:41.006","2024-02-20 16:15:41.006","2024-02-20 16:00:41.006","2024-02-20 16:57:51.006","Lilienthalstraße 22, 06366 Köthen (Anhalt), Deutschland","51.739355","11.972014","Am Hufstück, 06386 Osternienburger Land, Deutschland","51.809411","12.08676",1
"2024-02-20 20:00:14.692","2024-02-20 20:15:14.692","2024-02-20 20:00:14.692","2024-02-20 20:30:16.692","Neue Reihe, 06785 Oranienbaum-Wörlitz, Deutschland","51.842298","12.420499","Oranienbaum Busbahnhof, Schloßstraße, 06785 Oranienbaum-Wörlitz, Deutschland","51.797478","12.403431",1
"2024-02-20 16:00:17.114","2024-02-20 16:15:17.114","2024-02-20 16:00:17.114","2024-02-20 16:51:33.114","Fabrik 2, 06895 Zahna-Elster, Deutschland","51.853736","12.748308","Neue Straße 10, 06917 Jessen (Elster), Deutschland","51.881081","12.906489",1
"2024-02-20 10:51:30.804","2024-02-20 11:06:30.804","2024-02-20 10:51:30.804","2024-02-20 11:21:30.804","Fachhochschule Anhalt, Bernburger Straße 52, 06366 Köthen (Anhalt), Deutschland","51.755369","11.965631","Bahnhof Köthen, Bahnhofsplatz, 06366 Köthen (Anhalt), Deutschland","51.752284","11.988098",1
"2024-02-20 05:45:30.913","2024-02-20 06:00:30.913","2024-02-20 05:45:30.913","2024-02-20 06:15:30.913","Brehna Feuerwache, An der B100, 06796 Sandersdorf-Brehna, Deutschland","51.555886","12.20419","Münchener Straße 15, 06796 Sandersdorf-Brehna, Deutschland","51.565223","12.183416",1
"2024-02-20 17:00:00.297","2024-02-20 17:15:00.297","2024-02-20 17:00:00.297","2024-02-20 17:40:56.297","Np-Markt, Gartenweg 1, 39264 Zerbst/Anhalt, Deutschland","52.034557","12.103589","Am Kiefernweg 6, 39264 Zerbst/Anhalt, Deutschland","52.07611","12.227445",2
"2024-02-20 06:15:09.452","2024-02-20 06:30:09.452","2024-02-20 06:15:09.452","2024-02-20 06:59:59.452","Pratau Alte Wittenberger Str., Alte Wittenberger Straße, 06888 Wittenberg, Deutschland","51.836327","12.641675","Wartenburg am Sand, Am Sand 20, 06901 Kemberg, Deutschland","51.810144","12.77955",1
"2024-02-20 05:20:17.307","2024-02-20 05:35:17.307","2024-02-20 05:20:17.307","2024-02-20 05:50:17.307","Baasdorf Köthener Str., Köthener Straße 23, 06388 Köthen (Anhalt), Deutschland","51.708828","11.97776","Gnetscher Straße 3, 06366 Köthen (Anhalt), Deutschland","51.747229","12.005793",2
"2024-02-20 13:00:56.271","2024-02-20 13:15:56.271","2024-02-20 13:00:56.271","2024-02-20 13:43:18.271","Carlsfeld 5, Sandersdorf-Brehna","51.547731","12.177279","Adorf-Diesterweg Schule, Teichstraße 25, 06809 Sandersdorf-Brehna, Deutschland","51.575812","12.259974",2
"2024-02-20 07:00:57.941","2024-02-20 07:15:57.941","2024-02-20 07:00:57.941","2024-02-20 07:41:25.941","Markt 13, 06780 Zörbig, Deutschland","51.628063","12.119564","Zehbitzer Straße 42, 06780 Zörbig, Deutschland","51.694063","12.173538",2
"2024-02-20 05:10:49.825","2024-02-20 05:25:49.825","2024-02-20 05:10:49.825","2024-02-20 05:44:49.825","Heidenberg 18, 06780 Zörbig, Deutschland","51.652475","12.028269","Radegaster Straße 65, 06780 Zörbig, Deutschland","51.63611","12.111457",1
"2024-02-20 12:00:49.019","2024-02-20 12:15:49.019","2024-02-20 12:00:49.019","2024-02-20 12:44:11.019","Teichwall 1, 06749 Bitterfeld-Wolfen, Deutschland","51.62463","12.331135","Leopoldstraße 2A, 06800 Raguhn-Jeßnitz, Deutschland","51.68392","12.304885",1
"2024-02-20 13:52:06.146","2024-02-20 14:07:06.146","2024-02-20 13:52:06.146","2024-02-20 14:38:36.146","Baseline-Handyshop im Kaufland, Alte Brücke 3, 39261 Zerbst/Anhalt, Deutschland","51.966051","12.08535","Mühro Dorfmitte (Polenzko), Dobritzer Straße 20, 39264 Zerbst/Anhalt, Deutschland","52.013179","12.236025",1
"2024-02-20 12:55:54.210","2024-02-20 13:10:54.210","2024-02-20 12:55:54.210","2024-02-20 13:44:18.210","Lange Straße 38, 06366 Köthen (Anhalt), Deutschland","51.755663","11.972232","Rohndorf, Südliches Anhalt, Sachsen-Anhalt, Deutschland","51.651798","11.976687",2
"2024-02-20 17:19:54.331","2024-02-20 17:34:54.331","2024-02-20 17:19:54.331","2024-02-20 18:19:22.331","Markt 25, 39261 Zerbst/Anhalt, Deutschland","51.967637","12.084967","Am Kiefernweg 8, 39264 Zerbst/Anhalt, Deutschland","52.076353","12.228486",1
"2024-02-20 17:00:05.229","2024-02-20 17:15:05.229","2024-02-20 17:00:05.229","2024-02-20 17:36:41.229","Am Tierpark, Mauerstraße 18, 06886 Wittenberg, Deutschland","51.869105","12.643032","Thießen 25, 06888 Wittenberg, Deutschland","51.919126","12.675643",1
"2024-02-20 16:08:38.982","2024-02-20 16:23:38.982","2024-02-20 16:08:38.982","2024-02-20 17:12:14.982","Großkorgauer Straße 20, 06905 Bad Schmiedeberg, Deutschland","51.63979","12.65287","Wittenberger Chaussee 19, 06905 Bad Schmiedeberg, Deutschland","51.753329","12.750737",1
"2024-02-20 10:30:05.817","2024-02-20 10:45:05.817","2024-02-20 10:30:05.817","2024-02-20 11:00:11.817","Gerbisbach, 06917 Jessen (Elster), Deutschland","51.751731","12.949531","Bahnhof Jessen (Elster), Bahnhofstraße, 06917 Jessen (Elster), Deutschland","51.79236","12.954645",1
"2024-02-20 22:38:34.620","2024-02-20 22:53:34.620","2024-02-20 22:38:34.620","2024-02-20 23:16:34.620","Amtsgericht Wittenberg, Dessauer Straße 291, 06886 Wittenberg, Deutschland","51.867013","12.634869","Nudersdorf Ortsschild, Belziger Landstraße 28, 06889 Wittenberg, Deutschland","51.940207","12.600743",1
"2024-02-20 11:00:23.759","2024-02-20 11:15:23.759","2024-02-20 11:00:23.759","2024-02-20 12:01:15.759","Baseline-Handyshop im Kaufland, Alte Brücke 3, 39261 Zerbst/Anhalt, Deutschland","51.966051","12.08535","Am Kiefernweg 6, 39264 Zerbst/Anhalt, Deutschland","52.07611","12.227445",1
"2024-02-20 09:19:00.000","2024-02-20 09:34:00.000","2024-02-20 09:19:00.000","2024-02-20 09:50:42.000","Pouch, Schiffmühlenweg","51.620828","12.411112","Am Wäldchen 4, Muldestausee","51.617357","12.498498",2
"2024-02-20 09:00:55.160","2024-02-20 09:15:55.160","2024-02-20 09:00:55.160","2024-02-20 09:42:01.160","Steckby, Zerbst/Anhalt, Sachsen-Anhalt, Deutschland","51.892533","12.026461","Francisceum Zerbst, Weinberg 1, 39261 Zerbst/Anhalt, Deutschland","51.968949","12.090571",2
"2024-02-20 15:30:25.865","2024-02-20 15:45:25.865","2024-02-20 15:30:25.865","2024-02-20 16:00:25.865","Heideweg 16, 06886 Wittenberg, Deutschland","51.880521","12.623154","Hauptbahnhof Lutherstadt Wittenberg, Am Hauptbahnhof, 06886 Wittenberg, Deutschland","51.868203","12.661296",2
"2024-02-20 10:40:21.145","2024-02-20 10:55:21.145","2024-02-20 10:40:21.145","2024-02-20 11:42:43.145","Nordschule, Straße der Jugend 4, 06917 Jessen (Elster), Deutschland","51.796286","12.962692","Gemeindeverwaltung Linda, Lindaer Bahnhofstraße 5, 06917 Jessen (Elster), Deutschland","51.854688","13.101838",1
"2024-02-20 12:05:37.197","2024-02-20 12:20:37.197","2024-02-20 12:05:37.197","2024-02-20 12:54:45.197","Schulstraße 68, 06886 Wittenberg, Deutschland","51.883182","12.666364","Breitenstraße 6, 06895 Zahna-Elster, Deutschland","51.913857","12.78768",1
"2024-02-20 04:30:23.249","2024-02-20 04:45:23.249","2024-02-20 04:30:23.249","2024-02-20 05:16:49.249","Franzstraße 40, 06366 Köthen (Anhalt), Deutschland","51.747558","11.98446","Weißandt-Gölzau, Südliches Anhalt, Sachsen-Anhalt, Deutschland","51.671213","12.06455",1
"2024-02-20 05:35:24.879","2024-02-20 05:50:24.879","2024-02-20 05:35:24.879","2024-02-20 06:20:10.879","Otto-Mucke-Straße 12, 06888 Wittenberg, Deutschland","51.887417","12.71949","Dessauer Straße 13, 06886 Wittenberg, Deutschland","51.865149","12.616401",1
"2024-02-20 12:13:57.495","2024-02-20 12:28:57.495","2024-02-20 12:13:57.495","2024-02-20 12:52:53.495","Rudolph-Glauber-Straße 5, Bitterfeld-Wolfen","51.622116","12.306039","Leopoldstraße, 06800 Raguhn-Jeßnitz, Deutschland","51.683762","12.30446",1
"2024-02-20 16:34:45.539","2024-02-20 16:49:45.539","2024-02-20 16:34:45.539","2024-02-20 17:27:05.539","Ärztehaus, Leipziger Straße 7B, 06901 Kemberg, Deutschland","51.768822","12.631501","Naderkau 9, 06901 Kemberg, Deutschland","51.786308","12.462916",1
"2024-02-20 20:40:28.930","2024-02-20 20:55:28.930","2024-02-20 20:40:28.930","2024-02-20 21:19:54.930","Dr.-Krause-Straße 20, 06366 Köthen (Anhalt), Deutschland","51.7507","11.9838","Am Bauernteich 1, 06369 Köthen (Anhalt), Deutschland","51.737043","11.885674",1
"2024-02-20 11:00:41.173","2024-02-20 11:15:41.173","2024-02-20 11:00:41.173","2024-02-20 11:32:45.173","Bärteichpromenade, Bärteichpromenade 12B, 06366 Köthen (Anhalt), Deutschland","51.749462","11.973954","Hauptstraße 60, 06369 Südliches Anhalt, Deutschland","51.732345","12.031352",1
"2024-02-20 15:30:20.936","2024-02-20 15:45:20.936","2024-02-20 15:30:20.936","2024-02-20 16:06:28.936","Kita Villa Sonnenschein, Hainichtengasse 137, 06785 Oranienbaum-Wörlitz, Deutschland","51.840553","12.415162","Im Feldchen 9, 06785 Oranienbaum-Wörlitz, Deutschland","51.801047","12.435397",2
"2024-02-20 18:45:28.622","2024-02-20 19:00:28.622","2024-02-20 18:45:28.622","2024-02-20 19:15:28.622","Holzweißig Klubhaus, Straße des Friedens 36, 06808 Bitterfeld-Wolfen, Deutschland","51.598041","12.307213","S-Bahn Bahnhof Bitterfeld, Bahnhofstraße, 06749 Bitterfeld-Wolfen, Deutschland","51.622428","12.318232",1
"2024-02-20 05:05:01.228","2024-02-20 05:20:01.228","2024-02-20 05:05:01.228","2024-02-20 05:40:47.228","Würflau 43, 06386 Osternienburger Land, Deutschland","51.77671","12.050652","Maxim-Gorki-Straße 38, 06366 Köthen (Anhalt), Deutschland","51.743613","11.987377",1
"2024-02-20 14:05:16.565","2024-02-20 14:20:16.565","2024-02-20 14:05:16.565","2024-02-20 14:52:50.565","Münchener Straße 5, 06796 Sandersdorf-Brehna, Deutschland","51.561648","12.184162","Bahnhofstraße 1, 06749 Bitterfeld-Wolfen, Deutschland","51.622762","12.318426",1
"2024-02-20 16:25:51.146","2024-02-20 16:40:51.146","2024-02-20 16:25:51.146","2024-02-20 17:09:15.146","Dessauer Straße 23A, 06779 Raguhn-Jeßnitz, Deutschland","51.713597","12.28243","Am Wall 16, 06766 Bitterfeld-Wolfen, Deutschland","51.64905","12.230307",1
"2024-02-20 12:50:14.549","2024-02-20 13:05:14.549","2024-02-20 12:50:14.549","2024-02-20 13:24:26.549","Rackither Dorfplatz 1, 06901 Kemberg, Deutschland","51.80394","12.684599","Pratau Schule, Pratauer Lindenstraße 31, 06888 Wittenberg, Deutschland","51.841642","12.636955",2
"2024-02-20 12:00:31.066","2024-02-20 12:15:31.066","2024-02-20 12:00:31.066","2024-02-20 12:42:35.066","Helios Klinik Zerbst/Anhalt, Friedrich-Naumann-Straße 53, 39261 Zerbst/Anhalt, Deutschland","51.960696","12.093438","Hauptstraße 36, 39264 Zerbst/Anhalt, Deutschland","51.965194","11.937278",1
"2024-02-20 12:06:49.865","2024-02-20 12:21:49.865","2024-02-20 12:06:49.865","2024-02-20 12:45:37.865","Am Busch 6, Bitterfeld-Wolfen","51.665671","12.279536","Schillerstraße 9, 06749 Bitterfeld-Wolfen, Deutschland","51.633056","12.324416",1
"2024-02-20 20:50:21.045","2024-02-20 21:05:21.045","2024-02-20 20:50:21.045","2024-02-20 21:35:25.045","Nahkauf, Gewerbepark 1, 06369 Südliches Anhalt, Deutschland","51.6729","12.080325","Karl-Windschild-Weg 15, 06366 Köthen (Anhalt), Deutschland","51.743395","11.954717",1
"2024-02-20 21:50:18.518","2024-02-20 22:05:18.518","2024-02-20 21:50:18.518","2024-02-20 22:51:40.518","Cobbelsdorfer Hauptstraße 8, 06869 Coswig (Anhalt), Deutschland","51.960316","12.533762","Dessauer Straße 250, 06886 Wittenberg, Deutschland","51.865827","12.613264",2
"2024-02-20 21:00:10.275","2024-02-20 21:15:10.275","2024-02-20 21:00:10.275","2024-02-20 22:08:52.275","Bahnhof, Luisenstraße 69, 06905 Bad Schmiedeberg, Deutschland","51.689","12.743503","Robert-Koch-Apotheke, Straße der Befreiung, 06886 Wittenberg, Deutschland","51.877626","12.661491",1
"2024-02-20 08:30:38.154","2024-02-20 08:45:38.154","2024-02-20 08:30:38.154","2024-02-20 09:10:56.154","Maasdorf, Dorfstraße, 06388 Südliches Anhalt, Deutschland","51.681541","11.96236","Bärteichpromenade, Bärteichpromenade 12B, 06366 Köthen (Anhalt), Deutschland","51.749462","11.973954",1
"2024-02-20 12:00:08.498","2024-02-20 12:15:08.498","2024-02-20 12:00:08.498","2024-02-20 12:49:22.498","Mühro Dorfmitte (Polenzko), Dobritzer Straße 20, 39264 Zerbst/Anhalt, Deutschland","52.013179","12.236025","Jeversche Straße 15, 39261 Zerbst/Anhalt, Deutschland","51.956872","12.085405",1
"2024-02-20 19:00:33.968","2024-02-20 19:15:33.968","2024-02-20 19:00:33.968","2024-02-20 20:28:45.968","Klebitz (Zahna) Teich, Klebitzer Dorfstraße, 06895 Zahna-Elster, Deutschland","51.947821","12.838049","Bergwitz Schule, Bahnhofstraße, 06901 Kemberg, Deutschland","51.801781","12.577754",1
"2024-02-20 19:45:05.398","2024-02-20 20:00:05.398","2024-02-20 19:45:05.398","2024-02-20 20:45:03.398","Cobbelsdorfer Hauptstraße 8, 06869 Coswig (Anhalt), Deutschland","51.960316","12.533762","Paul-Gerhardt-Stift, Sternstraße 85, 06886 Wittenberg, Deutschland","51.870475","12.653541",1
"2024-02-20 08:00:11.521","2024-02-20 08:15:11.521","2024-02-20 08:00:11.521","2024-02-20 08:41:51.521","Köthener Straße 17, 06388 Südliches Anhalt, Deutschland","51.682996","11.875501","Geuzer Straße 32M, 06366 Köthen (Anhalt), Deutschland","51.754802","11.948104",1
"2024-02-20 10:07:45.019","2024-02-20 10:22:45.019","2024-02-20 10:07:45.019","2024-02-20 10:50:49.019","Leopoldstraße 2A, 06800 Raguhn-Jeßnitz, Deutschland","51.68392","12.304885","Teichwall 1, 06749 Bitterfeld-Wolfen, Deutschland","51.62463","12.331135",2
"2024-02-20 21:03:25.025","2024-02-20 21:18:25.025","2024-02-20 21:03:25.025","2024-02-20 21:40:09.025","Ärztehaus, Leipziger Straße 7B, 06901 Kemberg, Deutschland","51.768822","12.631501","Torgauer Straße 41, 06905 Bad Schmiedeberg, Deutschland","51.691263","12.741775",1
"2024-02-20 20:25:17.248","2024-02-20 20:40:17.248","2024-02-20 20:25:17.248","2024-02-20 21:02:31.248","Rudolf-Breitscheid-Straße 13A, 06773 Gräfenhainichen, Deutschland","51.727366","12.454136","Hauptstraße 13, 06773 Gräfenhainichen, Deutschland","51.681051","12.53853",2
"2024-02-20 13:05:14.099","2024-02-20 13:20:14.099","2024-02-20 13:05:14.099","2024-02-20 14:04:58.099","Kurzentrum, Moschwiger Straße, 06905 Bad Schmiedeberg, Deutschland","51.679971","12.733586","Bietegast 24, 06901 Kemberg, Deutschland","51.798001","12.712807",1
"2024-02-20 20:55:22.178","2024-02-20 21:10:22.178","2024-02-20 20:55:22.178","2024-02-20 21:43:40.178","Radegast Schule, Bahnhofstraße 13, 06369 Südliches Anhalt, Deutschland","51.656924","12.09037","Augustenstraße 46, 06366 Köthen (Anhalt), Deutschland","51.757386","11.982536",2
"2024-02-20 12:35:07.981","2024-02-20 12:50:07.981","2024-02-20 12:35:07.981","2024-02-20 13:05:43.981","Firma Säger, Schmiedeberger Straße 21, 06901 Kemberg, Deutschland","51.765589","12.637391","Rackither Dorfstraße 60, 06901 Kemberg, Deutschland","51.804176","12.685431",1
"2024-02-20 07:10:51.146","2024-02-20 07:25:51.146","2024-02-20 07:10:51.146","2024-02-20 07:54:21.146","Am Wall 16, 06766 Bitterfeld-Wolfen, Deutschland","51.64905","12.230307","Dessauer Straße 23A, 06779 Raguhn-Jeßnitz, Deutschland","51.713597","12.28243",1
"2024-02-20 21:05:22.148","2024-02-20 21:20:22.148","2024-02-20 21:05:22.148","2024-02-20 22:14:04.148","Bahnhof, Luisenstraße 69, 06905 Bad Schmiedeberg, Deutschland","51.689","12.743503","Robert-Koch-Apotheke, Straße der Befreiung, 06886 Wittenberg, Deutschland","51.877626","12.661491",1
"2024-02-20 22:15:47.062","2024-02-20 22:30:47.062","2024-02-20 22:15:47.062","2024-02-20 23:24:29.062","Busbahnhof Wittenberg, Am Hauptbahnhof, 06886 Wittenberg, Deutschland","51.868758","12.662319","Bad Schmiedeberger Straße 34, 06905 Bad Schmiedeberg, Deutschland","51.710711","12.793055",1
"2024-02-20 21:15:29.916","2024-02-20 21:30:29.916","2024-02-20 21:15:29.916","2024-02-20 22:20:33.916","Pretzscher Allee 4, 06905 Bad Schmiedeberg, Deutschland","51.693154","12.741189","Oskar-Meßter-Straße 14, 06886 Wittenberg, Deutschland","51.867161","12.612552",1
"2024-02-20 18:20:37.054","2024-02-20 18:35:37.054","2024-02-20 18:20:37.054","2024-02-20 19:05:39.054","Coswiger Str./Einkaufscenter, Coswiger Straße 1, 39261 Zerbst/Anhalt, Deutschland","51.962926","12.098967","Lindau (Anhalt) Alte Sorge, Alte Sorge 2, 39264 Zerbst/Anhalt, Deutschland","52.057411","12.07742",2
"2024-02-20 10:00:26.254","2024-02-20 10:15:26.254","2024-02-20 10:00:26.254","2024-02-20 10:30:26.254","Markt, Lange Straße 34, 06780 Zörbig, Deutschland","51.628142","12.119438","Zeschdorfer Straße 18, 06780 Zörbig, Deutschland","51.58519","12.130955",1
"2024-02-20 10:30:51.975","2024-02-20 10:45:51.975","2024-02-20 10:30:51.975","2024-02-20 11:11:11.975","Bahnhof Jessen (Elster), Bahnhofstraße, 06917 Jessen (Elster), Deutschland","51.79236","12.954645","Düßnitz, Düßnitzer Dorfstraße 1, 06917 Jessen (Elster), Deutschland","51.73072","12.877241",2
"2024-02-20 14:56:14.905","2024-02-20 15:11:14.905","2024-02-20 14:56:14.905","2024-02-20 15:26:14.905","Bahnhof Wulfen, Bahnhofstraße, 06386 Osternienburger Land, Deutschland","51.818748","11.921894","Straße der Bodenreform 11, 06386 Osternienburger Land, Deutschland","51.78791","11.881517",1
"2024-02-20 16:10:51.564","2024-02-20 16:25:51.564","2024-02-20 16:10:51.564","2024-02-20 16:40:51.564","Markt, Lange Straße 34, 06780 Zörbig, Deutschland","51.628142","12.119438","Fuhnestraße 1, 06780 Zörbig, Deutschland","51.653778","12.146498",1
"2024-02-20 10:20:35.270","2024-02-20 10:35:35.270","2024-02-20 10:20:35.270","2024-02-20 10:59:17.270","Barbyer Straße 10, 39264 Zerbst/Anhalt, Deutschland","51.955169","11.972003","Coswiger Straße 1, 39261 Zerbst/Anhalt, Deutschland","51.962926","12.098967",2
"2024-02-20 13:30:21.145","2024-02-20 13:45:21.145","2024-02-20 13:30:21.145","2024-02-20 14:00:21.145","Oranienbaum Busbahnhof, Schloßstraße, 06785 Oranienbaum-Wörlitz, Deutschland","51.797478","12.403431","Wörlitz Neue Reihe, Neue Reihe 179, 06785 Oranienbaum-Wörlitz, Deutschland","51.84247","12.419774",2
"2024-02-20 11:00:47.356","2024-02-20 11:15:47.356","2024-02-20 11:00:47.356","2024-02-20 11:40:03.356","Baseline-Handyshop im Kaufland, Alte Brücke 3, 39261 Zerbst/Anhalt, Deutschland","51.966051","12.08535","Hauptstraße 2, 39264 Zerbst/Anhalt, Deutschland","51.89215","12.025683",1
"2024-02-20 09:00:21.256","2024-02-20 09:15:21.256","2024-02-20 09:00:21.256","2024-02-20 09:30:21.256","Gemeindeverwaltung Kleinzerbst, Reppichauer Straße 1, 06386 Aken (Elbe), Deutschland","51.812205","12.057302","Weberstraße 46, 06385 Aken (Elbe), Deutschland","51.853888","12.03864",1
"2024-02-20 16:45:18.028","2024-02-20 17:00:18.028","2024-02-20 16:45:18.028","2024-02-20 17:37:32.028","Schwemsal Tornauer Str., 06774 Muldestausee, Deutschland","51.627001","12.558776","Pretzscher Allee, 06905 Bad Schmiedeberg, Deutschland","51.694637","12.745443",1
"2024-02-20 20:30:35.737","2024-02-20 20:45:35.737","2024-02-20 20:30:35.737","2024-02-20 21:07:49.737","Rudolf-Breitscheid-Straße 13A, 06773 Gräfenhainichen, Deutschland","51.727366","12.454136","Hauptstraße 13, 06773 Gräfenhainichen, Deutschland","51.681051","12.53853",2
"2024-02-20 05:15:17.075","2024-02-20 05:30:17.075","2024-02-20 05:15:17.075","2024-02-20 05:50:39.075","Hohenköthener Straße 49, 06366 Köthen (Anhalt), Deutschland","51.744501","11.964513","Zehringen, Straße der Freundschaft 17, 06369 Köthen (Anhalt), Deutschland","51.765314","12.022894",1
"2024-02-20 16:54:53.713","2024-02-20 17:09:53.713","2024-02-20 16:54:53.713","2024-02-20 17:25:29.713","Bärteichpromenade, 06366 Köthen (Anhalt), Deutschland","51.749451","11.97368","Zabitzer Chaussee 12, 06386 Osternienburger Land, Deutschland","51.785174","11.925792",1
"2024-02-20 13:15:25.892","2024-02-20 13:30:25.892","2024-02-20 13:15:25.892","2024-02-20 13:45:25.892","Friedensstraße 66, 06749 Bitterfeld-Wolfen, Deutschland","51.630446","12.341853","Gartenstraße 1, 06749 Bitterfeld-Wolfen, Deutschland","51.627247","12.321045",1
"2024-02-20 20:45:39.392","2024-02-20 21:00:39.392","2024-02-20 20:45:39.392","2024-02-20 21:27:01.392","Diest-Hof Seyda, Glücksburger Straße 7, 06917 Jessen (Elster), Deutschland","51.884064","12.924569","Ruhlsdorf 45, 06917 Jessen (Elster), Deutschland","51.817914","12.913275",2
"2024-02-20 05:19:50.872","2024-02-20 05:34:50.872","2024-02-20 05:19:50.872","2024-02-20 06:06:16.872","Schnellin 19, 06905 Bad Schmiedeberg, Deutschland","51.762042","12.712748","Bahnhof Bergwitz, Bahnhofstraße, 06901 Kemberg, Deutschland","51.802848","12.575494",2
"2024-02-20 11:16:00.901","2024-02-20 11:31:00.901","2024-02-20 11:16:00.901","2024-02-20 12:20:58.901","Oskar-Meßter-Straße 14, 06886 Wittenberg, Deutschland","51.867161","12.612552","Pretzscher Allee 4, 06905 Bad Schmiedeberg, Deutschland","51.693154","12.741189",2
"2024-02-20 14:15:49.584","2024-02-20 14:30:49.584","2024-02-20 14:15:49.584","2024-02-20 15:06:43.584","Teichwall 14, 06749 Bitterfeld-Wolfen, Deutschland","51.625966","12.329312","Geschwister-Scholl-Straße 1, 06780 Zörbig, Deutschland","51.584809","12.138101",1
"2024-02-20 10:09:37.066","2024-02-20 10:24:37.066","2024-02-20 10:09:37.066","2024-02-20 10:50:31.066","Hauptstraße 36, 39264 Zerbst/Anhalt, Deutschland","51.965194","11.937278","Albertstraße 33, 39261 Zerbst/Anhalt, Deutschland","51.960599","12.091128",1
"2024-02-20 12:05:39.966","2024-02-20 12:20:39.966","2024-02-20 12:05:39.966","2024-02-20 12:50:21.966","Schulstraße 68, 06886 Wittenberg, Deutschland","51.883182","12.666364","Wüstemark 1, 06889 Wittenberg, Deutschland","51.936258","12.756819",1
"2024-02-20 08:45:21.790","2024-02-20 09:00:21.790","2024-02-20 08:45:21.790","2024-02-20 09:31:39.790","Schulplatz 9, 06794 Sandersdorf-Brehna, Deutschland","51.592759","12.179308","Bitterfeld Berufsschule, Parsevalstraße, 06749 Bitterfeld-Wolfen, Deutschland","51.626392","12.30254",1
"2024-02-20 08:15:47.356","2024-02-20 08:30:47.356","2024-02-20 08:15:47.356","2024-02-20 08:52:27.356","Hauptstraße 2, 39264 Zerbst/Anhalt, Deutschland","51.89215","12.025683","Roter Garten, Breite, 39261 Zerbst/Anhalt, Deutschland","51.964046","12.085776",1
"2024-02-20 05:30:58.283","2024-02-20 05:45:58.283","2024-02-20 05:30:58.283","2024-02-20 06:18:40.283","Rohndorf, Südliches Anhalt, Sachsen-Anhalt, Deutschland","51.651798","11.976687","Lange Straße 38, 06366 Köthen (Anhalt), Deutschland","51.755663","11.972232",1
